PassengerId,Survived,Pclass,Sex,Age,SibSp,Parch,Fare,Embarked,Age_Range
1,0,3,1,22.0,1,0,7.25,0,1
2,1,1,0,38.0,1,0,71.2833,1,2
3,1,3,0,26.0,0,0,7.925,0,1
4,1,1,0,35.0,1,0,53.1,0,2
5,0,3,1,35.0,0,0,8.05,0,2
6,0,3,1,25.0,0,0,8.4583,2,1
7,0,1,1,54.0,0,0,51.8625,0,3
8,0,3,1,2.0,3,1,21.075,0,0
9,1,3,0,27.0,0,2,11.1333,0,1
10,1,2,0,14.0,1,0,30.0708,1,0
11,1,3,0,4.0,1,1,16.7,0,0
12,1,1,0,58.0,0,0,26.55,0,3
13,0,3,1,20.0,0,0,8.05,0,1
14,0,3,1,39.0,1,5,31.275,0,2
15,0,3,0,14.0,0,0,7.8542,0,0
16,1,2,0,55.0,0,0,16.0,0,3
17,0,3,1,2.0,4,1,29.125,2,0
18,1,2,1,30.0,0,0,13.0,0,2
19,0,3,0,31.0,1,0,18.0,0,2
20,1,3,0,25.0,0,0,7.225,1,1
21,0,2,1,35.0,0,0,26.0,0,2
22,1,2,1,34.0,0,0,13.0,0,2
23,1,3,0,15.0,0,0,8.0292,2,0
24,1,1,1,28.0,0,0,35.5,0,1
25,0,3,0,8.0,3,1,21.075,0,0
26,1,3,0,38.0,1,5,31.3875,0,2
27,0,3,1,25.0,0,0,7.225,1,1
28,0,1,1,19.0,3,2,263.0,0,1
29,1,3,0,25.0,0,0,7.8792,2,1
30,0,3,1,25.0,0,0,7.8958,0,1
31,0,1,1,40.0,0,0,27.7208,1,2
32,1,1,0,38.0,1,0,146.5208,1,2
33,1,3,0,25.0,0,0,7.75,2,1
34,0,2,1,66.0,0,0,10.5,0,3
35,0,1,1,28.0,1,0,82.1708,1,1
36,0,1,1,42.0,1,0,52.0,0,2
37,1,3,1,25.0,0,0,7.2292,1,1
38,0,3,1,21.0,0,0,8.05,0,1
39,0,3,0,18.0,2,0,18.0,0,1
40,1,3,0,14.0,1,0,11.2417,1,0
41,0,3,0,40.0,1,0,9.475,0,2
42,0,2,0,27.0,1,0,21.0,0,1
43,0,3,1,25.0,0,0,7.8958,1,1
44,1,2,0,3.0,1,2,41.5792,1,0
45,1,3,0,19.0,0,0,7.8792,2,1
46,0,3,1,25.0,0,0,8.05,0,1
47,0,3,1,25.0,1,0,15.5,2,1
48,1,3,0,25.0,0,0,7.75,2,1
49,0,3,1,25.0,2,0,21.6792,1,1
50,0,3,0,18.0,1,0,17.8,0,1
51,0,3,1,7.0,4,1,39.6875,0,0
52,0,3,1,21.0,0,0,7.8,0,1
53,1,1,0,49.0,1,0,76.7292,1,2
54,1,2,0,29.0,1,0,26.0,0,1
55,0,1,1,65.0,0,1,61.9792,1,3
56,1,1,1,38.0,0,0,35.5,0,2
57,1,2,0,21.0,0,0,10.5,0,1
58,0,3,1,28.5,0,0,7.2292,1,1
59,1,2,0,5.0,1,2,27.75,0,0
60,0,3,1,11.0,5,2,46.9,0,0
61,0,3,1,22.0,0,0,7.2292,1,1
62,1,1,0,38.0,0,0,80.0,0,2
63,0,1,1,45.0,1,0,83.475,0,2
64,0,3,1,4.0,3,2,27.9,0,0
65,0,1,1,38.0,0,0,27.7208,1,2
66,1,3,1,25.0,1,1,15.2458,1,1
67,1,2,0,29.0,0,0,10.5,0,1
68,0,3,1,19.0,0,0,8.1583,0,1
69,1,3,0,17.0,4,2,7.925,0,0
70,0,3,1,26.0,2,0,8.6625,0,1
71,0,2,1,32.0,0,0,10.5,0,2
72,0,3,0,16.0,5,2,46.9,0,0
73,0,2,1,21.0,0,0,73.5,0,1
74,0,3,1,26.0,1,0,14.4542,1,1
75,1,3,1,32.0,0,0,56.4958,0,2
76,0,3,1,25.0,0,0,7.65,0,1
77,0,3,1,25.0,0,0,7.8958,0,1
78,0,3,1,25.0,0,0,8.05,0,1
79,1,2,1,0.83,0,2,29.0,0,0
80,1,3,0,30.0,0,0,12.475,0,2
81,0,3,1,22.0,0,0,9.0,0,1
82,1,3,1,29.0,0,0,9.5,0,1
83,1,3,0,25.0,0,0,7.7875,2,1
84,0,1,1,28.0,0,0,47.1,0,1
85,1,2,0,17.0,0,0,10.5,0,0
86,1,3,0,33.0,3,0,15.85,0,2
87,0,3,1,16.0,1,3,34.375,0,0
88,0,3,1,25.0,0,0,8.05,0,1
89,1,1,0,23.0,3,2,263.0,0,1
90,0,3,1,24.0,0,0,8.05,0,1
91,0,3,1,29.0,0,0,8.05,0,1
92,0,3,1,20.0,0,0,7.8542,0,1
93,0,1,1,46.0,1,0,61.175,0,2
94,0,3,1,26.0,1,2,20.575,0,1
95,0,3,1,59.0,0,0,7.25,0,3
96,0,3,1,25.0,0,0,8.05,0,1
97,0,1,1,71.0,0,0,34.6542,1,3
98,1,1,1,23.0,0,1,63.3583,1,1
99,1,2,0,34.0,0,1,23.0,0,2
100,0,2,1,34.0,1,0,26.0,0,2
101,0,3,0,28.0,0,0,7.8958,0,1
102,0,3,1,25.0,0,0,7.8958,0,1
103,0,1,1,21.0,0,1,77.2875,0,1
104,0,3,1,33.0,0,0,8.6542,0,2
105,0,3,1,37.0,2,0,7.925,0,2
106,0,3,1,28.0,0,0,7.8958,0,1
107,1,3,0,21.0,0,0,7.65,0,1
108,1,3,1,25.0,0,0,7.775,0,1
109,0,3,1,38.0,0,0,7.8958,0,2
110,1,3,0,25.0,1,0,24.15,2,1
111,0,1,1,47.0,0,0,52.0,0,2
112,0,3,0,14.5,1,0,14.4542,1,0
113,0,3,1,22.0,0,0,8.05,0,1
114,0,3,0,20.0,1,0,9.825,0,1
115,0,3,0,17.0,0,0,14.4583,1,0
116,0,3,1,21.0,0,0,7.925,0,1
117,0,3,1,70.5,0,0,7.75,2,3
118,0,2,1,29.0,1,0,21.0,0,1
119,0,1,1,24.0,0,1,247.5208,1,1
120,0,3,0,2.0,4,2,31.275,0,0
121,0,2,1,21.0,2,0,73.5,0,1
122,0,3,1,25.0,0,0,8.05,0,1
123,0,2,1,32.5,1,0,30.0708,1,2
124,1,2,0,32.5,0,0,13.0,0,2
125,0,1,1,54.0,0,1,77.2875,0,3
126,1,3,1,12.0,1,0,11.2417,1,0
127,0,3,1,25.0,0,0,7.75,2,1
128,1,3,1,24.0,0,0,7.1417,0,1
129,1,3,0,25.0,1,1,22.3583,1,1
130,0,3,1,45.0,0,0,6.975,0,2
131,0,3,1,33.0,0,0,7.8958,1,2
132,0,3,1,20.0,0,0,7.05,0,1
133,0,3,0,47.0,1,0,14.5,0,2
134,1,2,0,29.0,1,0,26.0,0,1
135,0,2,1,25.0,0,0,13.0,0,1
136,0,2,1,23.0,0,0,15.0458,1,1
137,1,1,0,19.0,0,2,26.2833,0,1
138,0,1,1,37.0,1,0,53.1,0,2
139,0,3,1,16.0,0,0,9.2167,0,0
140,0,1,1,24.0,0,0,79.2,1,1
141,0,3,0,25.0,0,2,15.2458,1,1
142,1,3,0,22.0,0,0,7.75,0,1
143,1,3,0,24.0,1,0,15.85,0,1
144,0,3,1,19.0,0,0,6.75,2,1
145,0,2,1,18.0,0,0,11.5,0,1
146,0,2,1,19.0,1,1,36.75,0,1
147,1,3,1,27.0,0,0,7.7958,0,1
148,0,3,0,9.0,2,2,34.375,0,0
149,0,2,1,36.5,0,2,26.0,0,2
150,0,2,1,42.0,0,0,13.0,0,2
151,0,2,1,51.0,0,0,12.525,0,3
152,1,1,0,22.0,1,0,66.6,0,1
153,0,3,1,55.5,0,0,8.05,0,3
154,0,3,1,40.5,0,2,14.5,0,2
155,0,3,1,25.0,0,0,7.3125,0,1
156,0,1,1,51.0,0,1,61.3792,1,3
157,1,3,0,16.0,0,0,7.7333,2,0
158,0,3,1,30.0,0,0,8.05,0,2
159,0,3,1,25.0,0,0,8.6625,0,1
160,0,3,1,25.0,8,2,69.55,0,1
161,0,3,1,44.0,0,1,16.1,0,2
162,1,2,0,40.0,0,0,15.75,0,2
163,0,3,1,26.0,0,0,7.775,0,1
164,0,3,1,17.0,0,0,8.6625,0,0
165,0,3,1,1.0,4,1,39.6875,0,0
166,1,3,1,9.0,0,2,20.525,0,0
167,1,1,0,38.0,0,1,55.0,0,2
168,0,3,0,45.0,1,4,27.9,0,2
169,0,1,1,38.0,0,0,25.925,0,2
170,0,3,1,28.0,0,0,56.4958,0,1
171,0,1,1,61.0,0,0,33.5,0,3
172,0,3,1,4.0,4,1,29.125,2,0
173,1,3,0,1.0,1,1,11.1333,0,0
174,0,3,1,21.0,0,0,7.925,0,1
175,0,1,1,56.0,0,0,30.6958,1,3
176,0,3,1,18.0,1,1,7.8542,0,1
177,0,3,1,25.0,3,1,25.4667,0,1
178,0,1,0,50.0,0,0,28.7125,1,3
179,0,2,1,30.0,0,0,13.0,0,2
180,0,3,1,36.0,0,0,0.0,0,2
181,0,3,0,25.0,8,2,69.55,0,1
182,0,2,1,30.0,0,0,15.05,1,2
183,0,3,1,9.0,4,2,31.3875,0,0
184,1,2,1,1.0,2,1,39.0,0,0
185,1,3,0,4.0,0,2,22.025,0,0
186,0,1,1,38.0,0,0,50.0,0,2
187,1,3,0,25.0,1,0,15.5,2,1
188,1,1,1,45.0,0,0,26.55,0,2
189,0,3,1,40.0,1,1,15.5,2,2
190,0,3,1,36.0,0,0,7.8958,0,2
191,1,2,0,32.0,0,0,13.0,0,2
192,0,2,1,19.0,0,0,13.0,0,1
193,1,3,0,19.0,1,0,7.8542,0,1
194,1,2,1,3.0,1,1,26.0,0,0
195,1,1,0,44.0,0,0,27.7208,1,2
196,1,1,0,58.0,0,0,146.5208,1,3
197,0,3,1,25.0,0,0,7.75,2,1
198,0,3,1,42.0,0,1,8.4042,0,2
199,1,3,0,25.0,0,0,7.75,2,1
200,0,2,0,24.0,0,0,13.0,0,1
201,0,3,1,28.0,0,0,9.5,0,1
202,0,3,1,25.0,8,2,69.55,0,1
203,0,3,1,34.0,0,0,6.4958,0,2
204,0,3,1,45.5,0,0,7.225,1,2
205,1,3,1,18.0,0,0,8.05,0,1
206,0,3,0,2.0,0,1,10.4625,0,0
207,0,3,1,32.0,1,0,15.85,0,2
208,1,3,1,26.0,0,0,18.7875,1,1
209,1,3,0,16.0,0,0,7.75,2,0
210,1,1,1,40.0,0,0,31.0,1,2
211,0,3,1,24.0,0,0,7.05,0,1
212,1,2,0,35.0,0,0,21.0,0,2
213,0,3,1,22.0,0,0,7.25,0,1
214,0,2,1,30.0,0,0,13.0,0,2
215,0,3,1,25.0,1,0,7.75,2,1
216,1,1,0,31.0,1,0,113.275,1,2
217,1,3,0,27.0,0,0,7.925,0,1
218,0,2,1,42.0,1,0,27.0,0,2
219,1,1,0,32.0,0,0,76.2917,1,2
220,0,2,1,30.0,0,0,10.5,0,2
221,1,3,1,16.0,0,0,8.05,0,0
222,0,2,1,27.0,0,0,13.0,0,1
223,0,3,1,51.0,0,0,8.05,0,3
224,0,3,1,25.0,0,0,7.8958,0,1
225,1,1,1,38.0,1,0,90.0,0,2
226,0,3,1,22.0,0,0,9.35,0,1
227,1,2,1,19.0,0,0,10.5,0,1
228,0,3,1,20.5,0,0,7.25,0,1
229,0,2,1,18.0,0,0,13.0,0,1
230,0,3,0,25.0,3,1,25.4667,0,1
231,1,1,0,35.0,1,0,83.475,0,2
232,0,3,1,29.0,0,0,7.775,0,1
233,0,2,1,59.0,0,0,13.5,0,3
234,1,3,0,5.0,4,2,31.3875,0,0
235,0,2,1,24.0,0,0,10.5,0,1
236,0,3,0,25.0,0,0,7.55,0,1
237,0,2,1,44.0,1,0,26.0,0,2
238,1,2,0,8.0,0,2,26.25,0,0
239,0,2,1,19.0,0,0,10.5,0,1
240,0,2,1,33.0,0,0,12.275,0,2
241,0,3,0,25.0,1,0,14.4542,1,1
242,1,3,0,25.0,1,0,15.5,2,1
243,0,2,1,29.0,0,0,10.5,0,1
244,0,3,1,22.0,0,0,7.125,0,1
245,0,3,1,30.0,0,0,7.225,1,2
246,0,1,1,44.0,2,0,90.0,2,2
247,0,3,0,25.0,0,0,7.775,0,1
248,1,2,0,24.0,0,2,14.5,0,1
249,1,1,1,37.0,1,1,52.5542,0,2
250,0,2,1,54.0,1,0,26.0,0,3
251,0,3,1,25.0,0,0,7.25,0,1
252,0,3,0,29.0,1,1,10.4625,0,1
253,0,1,1,62.0,0,0,26.55,0,3
254,0,3,1,30.0,1,0,16.1,0,2
255,0,3,0,41.0,0,2,20.2125,0,2
256,1,3,0,29.0,0,2,15.2458,1,1
257,1,1,0,38.0,0,0,79.2,1,2
258,1,1,0,30.0,0,0,86.5,0,2
259,1,1,0,35.0,0,0,512.3292,1,2
260,1,2,0,50.0,0,1,26.0,0,3
261,0,3,1,25.0,0,0,7.75,2,1
262,1,3,1,3.0,4,2,31.3875,0,0
263,0,1,1,52.0,1,1,79.65,0,3
264,0,1,1,40.0,0,0,0.0,0,2
265,0,3,0,25.0,0,0,7.75,2,1
266,0,2,1,36.0,0,0,10.5,0,2
267,0,3,1,16.0,4,1,39.6875,0,0
268,1,3,1,25.0,1,0,7.775,0,1
269,1,1,0,58.0,0,1,153.4625,0,3
270,1,1,0,35.0,0,0,135.6333,0,2
271,0,1,1,38.0,0,0,31.0,0,2
272,1,3,1,25.0,0,0,0.0,0,1
273,1,2,0,41.0,0,1,19.5,0,2
274,0,1,1,37.0,0,1,29.7,1,2
275,1,3,0,25.0,0,0,7.75,2,1
276,1,1,0,63.0,1,0,77.9583,0,3
277,0,3,0,45.0,0,0,7.75,0,2
278,0,2,1,30.0,0,0,0.0,0,2
279,0,3,1,7.0,4,1,29.125,2,0
280,1,3,0,35.0,1,1,20.25,0,2
281,0,3,1,65.0,0,0,7.75,2,3
282,0,3,1,28.0,0,0,7.8542,0,1
283,0,3,1,16.0,0,0,9.5,0,0
284,1,3,1,19.0,0,0,8.05,0,1
285,0,1,1,38.0,0,0,26.0,0,2
286,0,3,1,33.0,0,0,8.6625,1,2
287,1,3,1,30.0,0,0,9.5,0,2
288,0,3,1,22.0,0,0,7.8958,0,1
289,1,2,1,42.0,0,0,13.0,0,2
290,1,3,0,22.0,0,0,7.75,2,1
291,1,1,0,26.0,0,0,78.85,0,1
292,1,1,0,19.0,1,0,91.0792,1,1
293,0,2,1,36.0,0,0,12.875,1,2
294,0,3,0,24.0,0,0,8.85,0,1
295,0,3,1,24.0,0,0,7.8958,0,1
296,0,1,1,38.0,0,0,27.7208,1,2
297,0,3,1,23.5,0,0,7.2292,1,1
298,0,1,0,2.0,1,2,151.55,0,0
299,1,1,1,38.0,0,0,30.5,0,2
300,1,1,0,50.0,0,1,247.5208,1,3
301,1,3,0,25.0,0,0,7.75,2,1
302,1,3,1,25.0,2,0,23.25,2,1
303,0,3,1,19.0,0,0,0.0,0,1
304,1,2,0,30.0,0,0,12.35,2,2
305,0,3,1,25.0,0,0,8.05,0,1
306,1,1,1,0.92,1,2,151.55,0,0
307,1,1,0,38.0,0,0,110.8833,1,2
308,1,1,0,17.0,1,0,108.9,1,0
309,0,2,1,30.0,1,0,24.0,1,2
310,1,1,0,30.0,0,0,56.9292,1,2
311,1,1,0,24.0,0,0,83.1583,1,1
312,1,1,0,18.0,2,2,262.375,1,1
313,0,2,0,26.0,1,1,26.0,0,1
314,0,3,1,28.0,0,0,7.8958,0,1
315,0,2,1,43.0,1,1,26.25,0,2
316,1,3,0,26.0,0,0,7.8542,0,1
317,1,2,0,24.0,1,0,26.0,0,1
318,0,2,1,54.0,0,0,14.0,0,3
319,1,1,0,31.0,0,2,164.8667,0,2
320,1,1,0,40.0,1,1,134.5,1,2
321,0,3,1,22.0,0,0,7.25,0,1
322,0,3,1,27.0,0,0,7.8958,0,1
323,1,2,0,30.0,0,0,12.35,2,2
324,1,2,0,22.0,1,1,29.0,0,1
325,0,3,1,25.0,8,2,69.55,0,1
326,1,1,0,36.0,0,0,135.6333,1,2
327,0,3,1,61.0,0,0,6.2375,0,3
328,1,2,0,36.0,0,0,13.0,0,2
329,1,3,0,31.0,1,1,20.525,0,2
330,1,1,0,16.0,0,1,57.9792,1,0
331,1,3,0,25.0,2,0,23.25,2,1
332,0,1,1,45.5,0,0,28.5,0,2
333,0,1,1,38.0,0,1,153.4625,0,2
334,0,3,1,16.0,2,0,18.0,0,0
335,1,1,0,38.0,1,0,133.65,0,2
336,0,3,1,25.0,0,0,7.8958,0,1
337,0,1,1,29.0,1,0,66.6,0,1
338,1,1,0,41.0,0,0,134.5,1,2
339,1,3,1,45.0,0,0,8.05,0,2
340,0,1,1,45.0,0,0,35.5,0,2
341,1,2,1,2.0,1,1,26.0,0,0
342,1,1,0,24.0,3,2,263.0,0,1
343,0,2,1,28.0,0,0,13.0,0,1
344,0,2,1,25.0,0,0,13.0,0,1
345,0,2,1,36.0,0,0,13.0,0,2
346,1,2,0,24.0,0,0,13.0,0,1
347,1,2,0,40.0,0,0,13.0,0,2
348,1,3,0,25.0,1,0,16.1,0,1
349,1,3,1,3.0,1,1,15.9,0,0
350,0,3,1,42.0,0,0,8.6625,0,2
351,0,3,1,23.0,0,0,9.225,0,1
352,0,1,1,38.0,0,0,35.0,0,2
353,0,3,1,15.0,1,1,7.2292,1,0
354,0,3,1,25.0,1,0,17.8,0,1
355,0,3,1,25.0,0,0,7.225,1,1
356,0,3,1,28.0,0,0,9.5,0,1
357,1,1,0,22.0,0,1,55.0,0,1
358,0,2,0,38.0,0,0,13.0,0,2
359,1,3,0,25.0,0,0,7.8792,2,1
360,1,3,0,25.0,0,0,7.8792,2,1
361,0,3,1,40.0,1,4,27.9,0,2
362,0,2,1,29.0,1,0,27.7208,1,1
363,0,3,0,45.0,0,1,14.4542,1,2
364,0,3,1,35.0,0,0,7.05,0,2
365,0,3,1,25.0,1,0,15.5,2,1
366,0,3,1,30.0,0,0,7.25,0,2
367,1,1,0,60.0,1,0,75.25,1,3
368,1,3,0,25.0,0,0,7.2292,1,1
369,1,3,0,25.0,0,0,7.75,2,1
370,1,1,0,24.0,0,0,69.3,1,1
371,1,1,1,25.0,1,0,55.4417,1,1
372,0,3,1,18.0,1,0,6.4958,0,1
373,0,3,1,19.0,0,0,8.05,0,1
374,0,1,1,22.0,0,0,135.6333,1,1
375,0,3,0,3.0,3,1,21.075,0,0
376,1,1,0,38.0,1,0,82.1708,1,2
377,1,3,0,22.0,0,0,7.25,0,1
378,0,1,1,27.0,0,2,211.5,1,1
379,0,3,1,20.0,0,0,4.0125,1,1
380,0,3,1,19.0,0,0,7.775,0,1
381,1,1,0,42.0,0,0,227.525,1,2
382,1,3,0,1.0,0,2,15.7417,1,0
383,0,3,1,32.0,0,0,7.925,0,2
384,1,1,0,35.0,1,0,52.0,0,2
385,0,3,1,25.0,0,0,7.8958,0,1
386,0,2,1,18.0,0,0,73.5,0,1
387,0,3,1,1.0,5,2,46.9,0,0
388,1,2,0,36.0,0,0,13.0,0,2
389,0,3,1,25.0,0,0,7.7292,2,1
390,1,2,0,17.0,0,0,12.0,1,0
391,1,1,1,36.0,1,2,120.0,0,2
392,1,3,1,21.0,0,0,7.7958,0,1
393,0,3,1,28.0,2,0,7.925,0,1
394,1,1,0,23.0,1,0,113.275,1,1
395,1,3,0,24.0,0,2,16.7,0,1
396,0,3,1,22.0,0,0,7.7958,0,1
397,0,3,0,31.0,0,0,7.8542,0,2
398,0,2,1,46.0,0,0,26.0,0,2
399,0,2,1,23.0,0,0,10.5,0,1
400,1,2,0,28.0,0,0,12.65,0,1
401,1,3,1,39.0,0,0,7.925,0,2
402,0,3,1,26.0,0,0,8.05,0,1
403,0,3,0,21.0,1,0,9.825,0,1
404,0,3,1,28.0,1,0,15.85,0,1
405,0,3,0,20.0,0,0,8.6625,0,1
406,0,2,1,34.0,1,0,21.0,0,2
407,0,3,1,51.0,0,0,7.75,0,3
408,1,2,1,3.0,1,1,18.75,0,0
409,0,3,1,21.0,0,0,7.775,0,1
410,0,3,0,25.0,3,1,25.4667,0,1
411,0,3,1,25.0,0,0,7.8958,0,1
412,0,3,1,25.0,0,0,6.8583,2,1
413,1,1,0,33.0,1,0,90.0,2,2
414,0,2,1,30.0,0,0,0.0,0,2
415,1,3,1,44.0,0,0,7.925,0,2
416,0,3,0,25.0,0,0,8.05,0,1
417,1,2,0,34.0,1,1,32.5,0,2
418,1,2,0,18.0,0,2,13.0,0,1
419,0,2,1,30.0,0,0,13.0,0,2
420,0,3,0,10.0,0,2,24.15,0,0
421,0,3,1,25.0,0,0,7.8958,1,1
422,0,3,1,21.0,0,0,7.7333,2,1
423,0,3,1,29.0,0,0,7.875,0,1
424,0,3,0,28.0,1,1,14.4,0,1
425,0,3,1,18.0,1,1,20.2125,0,1
426,0,3,1,25.0,0,0,7.25,0,1
427,1,2,0,28.0,1,0,26.0,0,1
428,1,2,0,19.0,0,0,26.0,0,1
429,0,3,1,25.0,0,0,7.75,2,1
430,1,3,1,32.0,0,0,8.05,0,2
431,1,1,1,28.0,0,0,26.55,0,1
432,1,3,0,25.0,1,0,16.1,0,1
433,1,2,0,42.0,1,0,26.0,0,2
434,0,3,1,17.0,0,0,7.125,0,0
435,0,1,1,50.0,1,0,55.9,0,3
436,1,1,0,14.0,1,2,120.0,0,0
437,0,3,0,21.0,2,2,34.375,0,1
438,1,2,0,24.0,2,3,18.75,0,1
439,0,1,1,64.0,1,4,263.0,0,3
440,0,2,1,31.0,0,0,10.5,0,2
441,1,2,0,45.0,1,1,26.25,0,2
442,0,3,1,20.0,0,0,9.5,0,1
443,0,3,1,25.0,1,0,7.775,0,1
444,1,2,0,28.0,0,0,13.0,0,1
445,1,3,1,25.0,0,0,8.1125,0,1
446,1,1,1,4.0,0,2,81.8583,0,0
447,1,2,0,13.0,0,1,19.5,0,0
448,1,1,1,34.0,0,0,26.55,0,2
449,1,3,0,5.0,2,1,19.2583,1,0
450,1,1,1,52.0,0,0,30.5,0,3
451,0,2,1,36.0,1,2,27.75,0,2
452,0,3,1,25.0,1,0,19.9667,0,1
453,0,1,1,30.0,0,0,27.75,1,2
454,1,1,1,49.0,1,0,89.1042,1,2
455,0,3,1,25.0,0,0,8.05,0,1
456,1,3,1,29.0,0,0,7.8958,1,1
457,0,1,1,65.0,0,0,26.55,0,3
458,1,1,0,38.0,1,0,51.8625,0,2
459,1,2,0,50.0,0,0,10.5,0,3
460,0,3,1,25.0,0,0,7.75,2,1
461,1,1,1,48.0,0,0,26.55,0,2
462,0,3,1,34.0,0,0,8.05,0,2
463,0,1,1,47.0,0,0,38.5,0,2
464,0,2,1,48.0,0,0,13.0,0,2
465,0,3,1,25.0,0,0,8.05,0,1
466,0,3,1,38.0,0,0,7.05,0,2
467,0,2,1,30.0,0,0,0.0,0,2
468,0,1,1,56.0,0,0,26.55,0,3
469,0,3,1,25.0,0,0,7.725,2,1
470,1,3,0,0.75,2,1,19.2583,1,0
471,0,3,1,25.0,0,0,7.25,0,1
472,0,3,1,38.0,0,0,8.6625,0,2
473,1,2,0,33.0,1,2,27.75,0,2
474,1,2,0,23.0,0,0,13.7917,1,1
475,0,3,0,22.0,0,0,9.8375,0,1
476,0,1,1,38.0,0,0,52.0,0,2
477,0,2,1,34.0,1,0,21.0,0,2
478,0,3,1,29.0,1,0,7.0458,0,1
479,0,3,1,22.0,0,0,7.5208,0,1
480,1,3,0,2.0,0,1,12.2875,0,0
481,0,3,1,9.0,5,2,46.9,0,0
482,0,2,1,30.0,0,0,0.0,0,2
483,0,3,1,50.0,0,0,8.05,0,3
484,1,3,0,63.0,0,0,9.5875,0,3
485,1,1,1,25.0,1,0,91.0792,1,1
486,0,3,0,25.0,3,1,25.4667,0,1
487,1,1,0,35.0,1,0,90.0,0,2
488,0,1,1,58.0,0,0,29.7,1,3
489,0,3,1,30.0,0,0,8.05,0,2
490,1,3,1,9.0,1,1,15.9,0,0
491,0,3,1,25.0,1,0,19.9667,0,1
492,0,3,1,21.0,0,0,7.25,0,1
493,0,1,1,55.0,0,0,30.5,0,3
494,0,1,1,71.0,0,0,49.5042,1,3
495,0,3,1,21.0,0,0,8.05,0,1
496,0,3,1,25.0,0,0,14.4583,1,1
497,1,1,0,54.0,1,0,78.2667,1,3
498,0,3,1,25.0,0,0,15.1,0,1
499,0,1,0,25.0,1,2,151.55,0,1
500,0,3,1,24.0,0,0,7.7958,0,1
501,0,3,1,17.0,0,0,8.6625,0,0
502,0,3,0,21.0,0,0,7.75,2,1
503,0,3,0,25.0,0,0,7.6292,2,1
504,0,3,0,37.0,0,0,9.5875,0,2
505,1,1,0,16.0,0,0,86.5,0,0
506,0,1,1,18.0,1,0,108.9,1,1
507,1,2,0,33.0,0,2,26.0,0,2
508,1,1,1,38.0,0,0,26.55,0,2
509,0,3,1,28.0,0,0,22.525,0,1
510,1,3,1,26.0,0,0,56.4958,0,1
511,1,3,1,29.0,0,0,7.75,2,1
512,0,3,1,25.0,0,0,8.05,0,1
513,1,1,1,36.0,0,0,26.2875,0,2
514,1,1,0,54.0,1,0,59.4,1,3
515,0,3,1,24.0,0,0,7.4958,0,1
516,0,1,1,47.0,0,0,34.0208,0,2
517,1,2,0,34.0,0,0,10.5,0,2
518,0,3,1,25.0,0,0,24.15,2,1
519,1,2,0,36.0,1,0,26.0,0,2
520,0,3,1,32.0,0,0,7.8958,0,2
521,1,1,0,30.0,0,0,93.5,0,2
522,0,3,1,22.0,0,0,7.8958,0,1
523,0,3,1,25.0,0,0,7.225,1,1
524,1,1,0,44.0,0,1,57.9792,1,2
525,0,3,1,25.0,0,0,7.2292,1,1
526,0,3,1,40.5,0,0,7.75,2,2
527,1,2,0,50.0,0,0,10.5,0,3
528,0,1,1,38.0,0,0,221.7792,0,2
529,0,3,1,39.0,0,0,7.925,0,2
530,0,2,1,23.0,2,1,11.5,0,1
531,1,2,0,2.0,1,1,26.0,0,0
532,0,3,1,25.0,0,0,7.2292,1,1
533,0,3,1,17.0,1,1,7.2292,1,0
534,1,3,0,25.0,0,2,22.3583,1,1
535,0,3,0,30.0,0,0,8.6625,0,2
536,1,2,0,7.0,0,2,26.25,0,0
537,0,1,1,45.0,0,0,26.55,0,2
538,1,1,0,30.0,0,0,106.425,1,2
539,0,3,1,25.0,0,0,14.5,0,1
540,1,1,0,22.0,0,2,49.5,1,1
541,1,1,0,36.0,0,2,71.0,0,2
542,0,3,0,9.0,4,2,31.275,0,0
543,0,3,0,11.0,4,2,31.275,0,0
544,1,2,1,32.0,1,0,26.0,0,2
545,0,1,1,50.0,1,0,106.425,1,3
546,0,1,1,64.0,0,0,26.0,0,3
547,1,2,0,19.0,1,0,26.0,0,1
548,1,2,1,30.0,0,0,13.8625,1,2
549,0,3,1,33.0,1,1,20.525,0,2
550,1,2,1,8.0,1,1,36.75,0,0
551,1,1,1,17.0,0,2,110.8833,1,0
552,0,2,1,27.0,0,0,26.0,0,1
553,0,3,1,25.0,0,0,7.8292,2,1
554,1,3,1,22.0,0,0,7.225,1,1
555,1,3,0,22.0,0,0,7.775,0,1
556,0,1,1,62.0,0,0,26.55,0,3
557,1,1,0,48.0,1,0,39.6,1,2
558,0,1,1,38.0,0,0,227.525,1,2
559,1,1,0,39.0,1,1,79.65,0,2
560,1,3,0,36.0,1,0,17.4,0,2
561,0,3,1,25.0,0,0,7.75,2,1
562,0,3,1,40.0,0,0,7.8958,0,2
563,0,2,1,28.0,0,0,13.5,0,1
564,0,3,1,25.0,0,0,8.05,0,1
565,0,3,0,25.0,0,0,8.05,0,1
566,0,3,1,24.0,2,0,24.15,0,1
567,0,3,1,19.0,0,0,7.8958,0,1
568,0,3,0,29.0,0,4,21.075,0,1
569,0,3,1,25.0,0,0,7.2292,1,1
570,1,3,1,32.0,0,0,7.8542,0,2
571,1,2,1,62.0,0,0,10.5,0,3
572,1,1,0,53.0,2,0,51.4792,0,3
573,1,1,1,36.0,0,0,26.3875,0,2
574,1,3,0,25.0,0,0,7.75,2,1
575,0,3,1,16.0,0,0,8.05,0,0
576,0,3,1,19.0,0,0,14.5,0,1
577,1,2,0,34.0,0,0,13.0,0,2
578,1,1,0,39.0,1,0,55.9,0,2
579,0,3,0,25.0,1,0,14.4583,1,1
580,1,3,1,32.0,0,0,7.925,0,2
581,1,2,0,25.0,1,1,30.0,0,1
582,1,1,0,39.0,1,1,110.8833,1,2
583,0,2,1,54.0,0,0,26.0,0,3
584,0,1,1,36.0,0,0,40.125,1,2
585,0,3,1,25.0,0,0,8.7125,1,1
586,1,1,0,18.0,0,2,79.65,0,1
587,0,2,1,47.0,0,0,15.0,0,2
588,1,1,1,60.0,1,1,79.2,1,3
589,0,3,1,22.0,0,0,8.05,0,1
590,0,3,1,25.0,0,0,8.05,0,1
591,0,3,1,35.0,0,0,7.125,0,2
592,1,1,0,52.0,1,0,78.2667,1,3
593,0,3,1,47.0,0,0,7.25,0,2
594,0,3,0,25.0,0,2,7.75,2,1
595,0,2,1,37.0,1,0,26.0,0,2
596,0,3,1,36.0,1,1,24.15,0,2
597,1,2,0,30.0,0,0,33.0,0,2
598,0,3,1,49.0,0,0,0.0,0,2
599,0,3,1,25.0,0,0,7.225,1,1
600,1,1,1,49.0,1,0,56.9292,1,2
601,1,2,0,24.0,2,1,27.0,0,1
602,0,3,1,25.0,0,0,7.8958,0,1
603,0,1,1,38.0,0,0,42.4,0,2
604,0,3,1,44.0,0,0,8.05,0,2
605,1,1,1,35.0,0,0,26.55,1,2
606,0,3,1,36.0,1,0,15.55,0,2
607,0,3,1,30.0,0,0,7.8958,0,2
608,1,1,1,27.0,0,0,30.5,0,1
609,1,2,0,22.0,1,2,41.5792,1,1
610,1,1,0,40.0,0,0,153.4625,0,2
611,0,3,0,39.0,1,5,31.275,0,2
612,0,3,1,25.0,0,0,7.05,0,1
613,1,3,0,25.0,1,0,15.5,2,1
614,0,3,1,25.0,0,0,7.75,2,1
615,0,3,1,35.0,0,0,8.05,0,2
616,1,2,0,24.0,1,2,65.0,0,1
617,0,3,1,34.0,1,1,14.4,0,2
618,0,3,0,26.0,1,0,16.1,0,1
619,1,2,0,4.0,2,1,39.0,0,0
620,0,2,1,26.0,0,0,10.5,0,1
621,0,3,1,27.0,1,0,14.4542,1,1
622,1,1,1,42.0,1,0,52.5542,0,2
623,1,3,1,20.0,1,1,15.7417,1,1
624,0,3,1,21.0,0,0,7.8542,0,1
625,0,3,1,21.0,0,0,16.1,0,1
626,0,1,1,61.0,0,0,32.3208,0,3
627,0,2,1,57.0,0,0,12.35,2,3
628,1,1,0,21.0,0,0,77.9583,0,1
629,0,3,1,26.0,0,0,7.8958,0,1
630,0,3,1,25.0,0,0,7.7333,2,1
631,1,1,1,80.0,0,0,30.0,0,3
632,0,3,1,51.0,0,0,7.0542,0,3
633,1,1,1,32.0,0,0,30.5,1,2
634,0,1,1,38.0,0,0,0.0,0,2
635,0,3,0,9.0,3,2,27.9,0,0
636,1,2,0,28.0,0,0,13.0,0,1
637,0,3,1,32.0,0,0,7.925,0,2
638,0,2,1,31.0,1,1,26.25,0,2
639,0,3,0,41.0,0,5,39.6875,0,2
640,0,3,1,25.0,1,0,16.1,0,1
641,0,3,1,20.0,0,0,7.8542,0,1
642,1,1,0,24.0,0,0,69.3,1,1
643,0,3,0,2.0,3,2,27.9,0,0
644,1,3,1,25.0,0,0,56.4958,0,1
645,1,3,0,0.75,2,1,19.2583,1,0
646,1,1,1,48.0,1,0,76.7292,1,2
647,0,3,1,19.0,0,0,7.8958,0,1
648,1,1,1,56.0,0,0,35.5,1,3
649,0,3,1,25.0,0,0,7.55,0,1
650,1,3,0,23.0,0,0,7.55,0,1
651,0,3,1,25.0,0,0,7.8958,0,1
652,1,2,0,18.0,0,1,23.0,0,1
653,0,3,1,21.0,0,0,8.4333,0,1
654,1,3,0,25.0,0,0,7.8292,2,1
655,0,3,0,18.0,0,0,6.75,2,1
656,0,2,1,24.0,2,0,73.5,0,1
657,0,3,1,25.0,0,0,7.8958,0,1
658,0,3,0,32.0,1,1,15.5,2,2
659,0,2,1,23.0,0,0,13.0,0,1
660,0,1,1,58.0,0,2,113.275,1,3
661,1,1,1,50.0,2,0,133.65,0,3
662,0,3,1,40.0,0,0,7.225,1,2
663,0,1,1,47.0,0,0,25.5875,0,2
664,0,3,1,36.0,0,0,7.4958,0,2
665,1,3,1,20.0,1,0,7.925,0,1
666,0,2,1,32.0,2,0,73.5,0,2
667,0,2,1,25.0,0,0,13.0,0,1
668,0,3,1,25.0,0,0,7.775,0,1
669,0,3,1,43.0,0,0,8.05,0,2
670,1,1,0,38.0,1,0,52.0,0,2
671,1,2,0,40.0,1,1,39.0,0,2
672,0,1,1,31.0,1,0,52.0,0,2
673,0,2,1,70.0,0,0,10.5,0,3
674,1,2,1,31.0,0,0,13.0,0,2
675,0,2,1,30.0,0,0,0.0,0,2
676,0,3,1,18.0,0,0,7.775,0,1
677,0,3,1,24.5,0,0,8.05,0,1
678,1,3,0,18.0,0,0,9.8417,0,1
679,0,3,0,43.0,1,6,46.9,0,2
680,1,1,1,36.0,0,1,512.3292,1,2
681,0,3,0,25.0,0,0,8.1375,2,1
682,1,1,1,27.0,0,0,76.7292,1,1
683,0,3,1,20.0,0,0,9.225,0,1
684,0,3,1,14.0,5,2,46.9,0,0
685,0,2,1,60.0,1,1,39.0,0,3
686,0,2,1,25.0,1,2,41.5792,1,1
687,0,3,1,14.0,4,1,39.6875,0,0
688,0,3,1,19.0,0,0,10.1708,0,1
689,0,3,1,18.0,0,0,7.7958,0,1
690,1,1,0,15.0,0,1,211.3375,0,0
691,1,1,1,31.0,1,0,57.0,0,2
692,1,3,0,4.0,0,1,13.4167,1,0
693,1,3,1,25.0,0,0,56.4958,0,1
694,0,3,1,25.0,0,0,7.225,1,1
695,0,1,1,60.0,0,0,26.55,0,3
696,0,2,1,52.0,0,0,13.5,0,3
697,0,3,1,44.0,0,0,8.05,0,2
698,1,3,0,25.0,0,0,7.7333,2,1
699,0,1,1,49.0,1,1,110.8833,1,2
700,0,3,1,42.0,0,0,7.65,0,2
701,1,1,0,18.0,1,0,227.525,1,1
702,1,1,1,35.0,0,0,26.2875,0,2
703,0,3,0,18.0,0,1,14.4542,1,1
704,0,3,1,25.0,0,0,7.7417,2,1
705,0,3,1,26.0,1,0,7.8542,0,1
706,0,2,1,39.0,0,0,26.0,0,2
707,1,2,0,45.0,0,0,13.5,0,2
708,1,1,1,42.0,0,0,26.2875,0,2
709,1,1,0,22.0,0,0,151.55,0,1
710,1,3,1,25.0,1,1,15.2458,1,1
711,1,1,0,24.0,0,0,49.5042,1,1
712,0,1,1,38.0,0,0,26.55,0,2
713,1,1,1,48.0,1,0,52.0,0,2
714,0,3,1,29.0,0,0,9.4833,0,1
715,0,2,1,52.0,0,0,13.0,0,3
716,0,3,1,19.0,0,0,7.65,0,1
717,1,1,0,38.0,0,0,227.525,1,2
718,1,2,0,27.0,0,0,10.5,0,1
719,0,3,1,25.0,0,0,15.5,2,1
720,0,3,1,33.0,0,0,7.775,0,2
721,1,2,0,6.0,0,1,33.0,0,0
722,0,3,1,17.0,1,0,7.0542,0,0
723,0,2,1,34.0,0,0,13.0,0,2
724,0,2,1,50.0,0,0,13.0,0,3
725,1,1,1,27.0,1,0,53.1,0,1
726,0,3,1,20.0,0,0,8.6625,0,1
727,1,2,0,30.0,3,0,21.0,0,2
728,1,3,0,25.0,0,0,7.7375,2,1
729,0,2,1,25.0,1,0,26.0,0,1
730,0,3,0,25.0,1,0,7.925,0,1
731,1,1,0,29.0,0,0,211.3375,0,1
732,0,3,1,11.0,0,0,18.7875,1,0
733,0,2,1,30.0,0,0,0.0,0,2
734,0,2,1,23.0,0,0,13.0,0,1
735,0,2,1,23.0,0,0,13.0,0,1
736,0,3,1,28.5,0,0,16.1,0,1
737,0,3,0,48.0,1,3,34.375,0,2
738,1,1,1,35.0,0,0,512.3292,1,2
739,0,3,1,25.0,0,0,7.8958,0,1
740,0,3,1,25.0,0,0,7.8958,0,1
741,1,1,1,38.0,0,0,30.0,0,2
742,0,1,1,36.0,1,0,78.85,0,2
743,1,1,0,21.0,2,2,262.375,1,1
744,0,3,1,24.0,1,0,16.1,0,1
745,1,3,1,31.0,0,0,7.925,0,2
746,0,1,1,70.0,1,1,71.0,0,3
747,0,3,1,16.0,1,1,20.25,0,0
748,1,2,0,30.0,0,0,13.0,0,2
749,0,1,1,19.0,1,0,53.1,0,1
750,0,3,1,31.0,0,0,7.75,2,2
751,1,2,0,4.0,1,1,23.0,0,0
752,1,3,1,6.0,0,1,12.475,0,0
753,0,3,1,33.0,0,0,9.5,0,2
754,0,3,1,23.0,0,0,7.8958,0,1
755,1,2,0,48.0,1,2,65.0,0,2
756,1,2,1,0.67,1,1,14.5,0,0
757,0,3,1,28.0,0,0,7.7958,0,1
758,0,2,1,18.0,0,0,11.5,0,1
759,0,3,1,34.0,0,0,8.05,0,2
760,1,1,0,33.0,0,0,86.5,0,2
761,0,3,1,25.0,0,0,14.5,0,1
762,0,3,1,41.0,0,0,7.125,0,2
763,1,3,1,20.0,0,0,7.2292,1,1
764,1,1,0,36.0,1,2,120.0,0,2
765,0,3,1,16.0,0,0,7.775,0,0
766,1,1,0,51.0,1,0,77.9583,0,3
767,0,1,1,38.0,0,0,39.6,1,2
768,0,3,0,30.5,0,0,7.75,2,2
769,0,3,1,25.0,1,0,24.15,2,1
770,0,3,1,32.0,0,0,8.3625,0,2
771,0,3,1,24.0,0,0,9.5,0,1
772,0,3,1,48.0,0,0,7.8542,0,2
773,0,2,0,57.0,0,0,10.5,0,3
774,0,3,1,25.0,0,0,7.225,1,1
775,1,2,0,54.0,1,3,23.0,0,3
776,0,3,1,18.0,0,0,7.75,0,1
777,0,3,1,25.0,0,0,7.75,2,1
778,1,3,0,5.0,0,0,12.475,0,0
779,0,3,1,25.0,0,0,7.7375,2,1
780,1,1,0,43.0,0,1,211.3375,0,2
781,1,3,0,13.0,0,0,7.2292,1,0
782,1,1,0,17.0,1,0,57.0,0,0
783,0,1,1,29.0,0,0,30.0,0,1
784,0,3,1,25.0,1,2,23.45,0,1
785,0,3,1,25.0,0,0,7.05,0,1
786,0,3,1,25.0,0,0,7.25,0,1
787,1,3,0,18.0,0,0,7.4958,0,1
788,0,3,1,8.0,4,1,29.125,2,0
789,1,3,1,1.0,1,2,20.575,0,0
790,0,1,1,46.0,0,0,79.2,1,2
791,0,3,1,25.0,0,0,7.75,2,1
792,0,2,1,16.0,0,0,26.0,0,0
793,0,3,0,25.0,8,2,69.55,0,1
794,0,1,1,38.0,0,0,30.6958,1,2
795,0,3,1,25.0,0,0,7.8958,0,1
796,0,2,1,39.0,0,0,13.0,0,2
797,1,1,0,49.0,0,0,25.9292,0,2
798,1,3,0,31.0,0,0,8.6833,0,2
799,0,3,1,30.0,0,0,7.2292,1,2
800,0,3,0,30.0,1,1,24.15,0,2
801,0,2,1,34.0,0,0,13.0,0,2
802,1,2,0,31.0,1,1,26.25,0,2
803,1,1,1,11.0,1,2,120.0,0,0
804,1,3,1,0.42,0,1,8.5167,1,0
805,1,3,1,27.0,0,0,6.975,0,1
806,0,3,1,31.0,0,0,7.775,0,2
807,0,1,1,39.0,0,0,0.0,0,2
808,0,3,0,18.0,0,0,7.775,0,1
809,0,2,1,39.0,0,0,13.0,0,2
810,1,1,0,33.0,1,0,53.1,0,2
811,0,3,1,26.0,0,0,7.8875,0,1
812,0,3,1,39.0,0,0,24.15,0,2
813,0,2,1,35.0,0,0,10.5,0,2
814,0,3,0,6.0,4,2,31.275,0,0
815,0,3,1,30.5,0,0,8.05,0,2
816,0,1,1,38.0,0,0,0.0,0,2
817,0,3,0,23.0,0,0,7.925,0,1
818,0,2,1,31.0,1,1,37.0042,1,2
819,0,3,1,43.0,0,0,6.45,0,2
820,0,3,1,10.0,3,2,27.9,0,0
821,1,1,0,52.0,1,1,93.5,0,3
822,1,3,1,27.0,0,0,8.6625,0,1
823,0,1,1,38.0,0,0,0.0,0,2
824,1,3,0,27.0,0,1,12.475,0,1
825,0,3,1,2.0,4,1,39.6875,0,0
826,0,3,1,25.0,0,0,6.95,2,1
827,0,3,1,25.0,0,0,56.4958,0,1
828,1,2,1,1.0,0,2,37.0042,1,0
829,1,3,1,25.0,0,0,7.75,2,1
830,1,1,0,62.0,0,0,80.0,0,3
831,1,3,0,15.0,1,0,14.4542,1,0
832,1,2,1,0.83,1,1,18.75,0,0
833,0,3,1,25.0,0,0,7.2292,1,1
834,0,3,1,23.0,0,0,7.8542,0,1
835,0,3,1,18.0,0,0,8.3,0,1
836,1,1,0,39.0,1,1,83.1583,1,2
837,0,3,1,21.0,0,0,8.6625,0,1
838,0,3,1,25.0,0,0,8.05,0,1
839,1,3,1,32.0,0,0,56.4958,0,2
840,1,1,1,38.0,0,0,29.7,1,2
841,0,3,1,20.0,0,0,7.925,0,1
842,0,2,1,16.0,0,0,10.5,0,0
843,1,1,0,30.0,0,0,31.0,1,2
844,0,3,1,34.5,0,0,6.4375,1,2
845,0,3,1,17.0,0,0,8.6625,0,0
846,0,3,1,42.0,0,0,7.55,0,2
847,0,3,1,25.0,8,2,69.55,0,1
848,0,3,1,35.0,0,0,7.8958,1,2
849,0,2,1,28.0,0,1,33.0,0,1
850,1,1,0,38.0,1,0,89.1042,1,2
851,0,3,1,4.0,4,2,31.275,0,0
852,0,3,1,74.0,0,0,7.775,0,3
853,0,3,0,9.0,1,1,15.2458,1,0
854,1,1,0,16.0,0,1,39.4,0,0
855,0,2,0,44.0,1,0,26.0,0,2
856,1,3,0,18.0,0,1,9.35,0,1
857,1,1,0,45.0,1,1,164.8667,0,2
858,1,1,1,51.0,0,0,26.55,0,3
859,1,3,0,24.0,0,3,19.2583,1,1
860,0,3,1,25.0,0,0,7.2292,1,1
861,0,3,1,41.0,2,0,14.1083,0,2
862,0,2,1,21.0,1,0,11.5,0,1
863,1,1,0,48.0,0,0,25.9292,0,2
864,0,3,0,25.0,8,2,69.55,0,1
865,0,2,1,24.0,0,0,13.0,0,1
866,1,2,0,42.0,0,0,13.0,0,2
867,1,2,0,27.0,1,0,13.8583,1,1
868,0,1,1,31.0,0,0,50.4958,0,2
869,0,3,1,25.0,0,0,9.5,0,1
870,1,3,1,4.0,1,1,11.1333,0,0
871,0,3,1,26.0,0,0,7.8958,0,1
872,1,1,0,47.0,1,1,52.5542,0,2
873,0,1,1,33.0,0,0,5.0,0,2
874,0,3,1,47.0,0,0,9.0,0,2
875,1,2,0,28.0,1,0,24.0,1,1
876,1,3,0,15.0,0,0,7.225,1,0
877,0,3,1,20.0,0,0,9.8458,0,1
878,0,3,1,19.0,0,0,7.8958,0,1
879,0,3,1,25.0,0,0,7.8958,0,1
880,1,1,0,56.0,0,1,83.1583,1,3
881,1,2,0,25.0,0,1,26.0,0,1
882,0,3,1,33.0,0,0,7.8958,0,2
883,0,3,0,22.0,0,0,10.5167,0,1
884,0,2,1,28.0,0,0,10.5,0,1
885,0,3,1,25.0,0,0,7.05,0,1
886,0,3,0,39.0,0,5,29.125,2,2
887,0,2,1,27.0,0,0,13.0,0,1
888,1,1,0,19.0,0,0,30.0,0,1
889,0,3,0,25.0,1,2,23.45,0,1
890,1,1,1,26.0,0,0,30.0,1,1
891,0,3,1,32.0,0,0,7.75,2,2
